model,r2,rmse,mae,train_time_s,status
xgboost,0.04954291963495949,0.012506632461434629,0.010021780747337988,197.3,ok
lightgbm,0.03563462028699782,0.01259780662154744,0.010252009811350972,906.1,ok
