{
  "model": "autogluon",
  "params": {},
  "metrics": {
    "r2": -0.15175543374713274,
    "rmse": 0.013764246912984557,
    "mae": 0.011742500698559054
  },
  "train_time_s": 619.4867928028107,
  "n_test": 4909
}