model,r2,rmse,mae,train_time_s,status
xgboost,0.5571680374203871,0.008403457579120796,0.006276467712387616,224.9,ok
