{
  "model": "catboost",
  "params": {
    "n_estimators": 500,
    "depth": 4,
    "learning_rate": 0.14819327912615757,
    "l2_leaf_reg": 1.514573234501481
  },
  "metrics": {
    "r2": 0.12156300283759114,
    "rmse": 0.012020641058568239,
    "mae": 0.009623163101635331
  },
  "train_time_s": 52.28177285194397,
  "n_test": 4909
}