{
  "model": "ft_transformer",
  "params": {
    "n_blocks": 3,
    "d_block": 192,
    "attention_dropout": 0.02602063719411181,
    "ffn_dropout": 0.37955421490133334,
    "lr": 0.0026690431824362526,
    "weight_decay": 0.0002661901888489054
  },
  "metrics": {
    "r2": 0.19620464312315244,
    "rmse": 0.011498602644033441,
    "mae": 0.009575104991754695
  },
  "train_time_s": 776.7308661937714,
  "n_test": 4909
}